Workbook
Name Dx_infacilitytesting_acceptability: GlobalParams!$B$18

Sheet Scenario_descriptions
A1: Scenario index | B1: Scenario name in model code | C1: Scenario name | D1: Description | E1: Data sources | F1: Scripts used | G1: Other potential data sources - to discuss if needed
A2: TBD | B2: i_scenario_zero | C2: Natural epidemiology | D2: No intervention ever (including historically) - no BD, HepB3, PAP or treatment. NOT CURRENTLY IMPLEMENTED
A3: 1 | B3: i_scenario_SQ | C3: Status quo (SQ) | D3: Future interventions all remain fixed at 2024 coverage levels | E3: WUENIC 2025 (BD and HepB3); Polaris (PAP, Dx, Tx)
A4: 2 | B4: i_scenario_ContImp | C4: Continued improvement (ContImp) | D4: BD (in countries with BD or which are GAVI-eligible) and HepB3 coverage both increase at a fixed rate (rates ContImp_BD_annual_increase and ContImp_HepB3_annual_increase in CountryParameters are both currently 0). PAP increases to 5% of HVL (or remains at current coverage of HVL if higher). Diagnosis and treatment both increase at fixed rates (set in GlobalParams, ContImp_Dx_annual_increase and ContImp_TxifDx_annual_increase) - these rates are the 75th percentile of the empirical average rate of increase of Dx and Tx across the corresponding WHO region over the recent past: 5 yrs used for Dx to get more recent trends; 10 yrs used for Tx due to smaller number) | E4: Tx and Dx slopes from analysis of Polaris. PAP coverage is an assumption. Note that BD will be low (zero right now) in GAVI-eligible countries which don't have BD yet because they have the same rate of increase as countries which already have BD
A5: 3 | B5: i_scenario_ContImp_plusB3 | C5: ContImp + HepB3 | D5: HepB3 increasing to WHO target (90%) from 2026-2029 (3 yrs) unless HepB3 coverage already higher. BD, PAP Dx and Tx follow ContImp scenario. | G5: Note current median coverage is 87% (IQR 74-94%, range=39-99%)
A6: 4 | B6: i_scenario_ContImp_plusBD_IF | C6: ContImp + in-facility BD optimisation | D6: BD coverage increases to value BD_in_facility_acceptance_contimp (see GlobalParams worksheet) times country-level in-facility births over 2026-2031, unless existing coverage is higher in which case it remains fixed at that level.
A7: 5 | B7: i_scenario_ContImp_plusBD_IF_OOF | C7: ContImp + combined BD IF optimisation/OOF expansion | D7: In-facility BD scales up as in-facility BD optimisation; OOF BD scales to
A8: 6 | B8: i_scenario_ContImp_plusBD_OOF | C8: ContImp + out-of-facility BD expansion | D8: In-facility BD scales up as ContImp, and OOF BD scales up to 60% coverage over 2026-2031. BD introduced to countries without BD (including non-GAVI eligible) - reaching (IF + 60% * OOF) coverage. | G8: Mentimeter: increase in BD through CHW 59%, CPAD 40.8%, MAP 50.8%.
A9: 7 | B9: i_scenario_ContImp_plusPAP_HVL_targeted | C9: ContImp + HVL PAP | D9: ContImp + X% PAP coverage of high VL (X%=access to VL monitoring). Note that we currently assume PAP and BD are independent (so p(PAP and BD) = p(PAP)*P(BD)) for this and other PAP scenarios - maybe investigate in sensitivity analysis? | G9: Mentimeter: “Assuming continuation of current pathways only, what antiviral prophylaxis in pregnancy coverage (%) is realistically achievable by 2030?” - 70.7%
A10: 8 | B10: i_scenario_ContImp_plusPAP_PoC | C10: ContImp + PoC eligibility PAP | D10: Coverage up to ANC-1 with loss from diagnostic accuracy (PAP_PoC_sensitivity from GlobalParams, currently 90%) among HVL and (1-specificity) among LVL (PAP_PoC_specificity from GlobalParams, currently 90%).
A11: 9 | B11: i_scenario_ContImp_plusPAP_all | C11: ContImp + PAP (universal) | D11: Coverage up to ANC-1 for both HVL and LVL.
A12: 10 | B12: i_scenario_ContImp_plusDx_ANCscreening | C12: ContImp + ANC testing | D12: Increased diagnosis among women attending ANC-1 | E12: To do - get ANC-1 data by country, ideally by age group. If only total ANC-1 available, use UNPD data on fertility by age group.
A13: 11 | B13: i_scenario_ContImp_plusDx_BirthCohort | C13: ContImp + birth cohort testing | D13: Anyone born before 5 years of country introduction of HepB3. Coverage 50% TBC. | E13: Coverage TBD
A14: 12 | B14: i_scenario_ContImp_plusDx_Ifscreening | C14: ContImp + in-facility testing | D14: Increased diagnosis rate (by age and sex?) from individuals being offered opt-out testing when in health facilities | E14: Rate from % accessing health facility in 5 years. This can be obtained (for a subset of countries worldwide) from the 2002-2004 World Health Survey (https://apps.who.int/healthinfo/systems/surveydata/index.php/collections/whs – MP has applied for access 28/7/2026.) | F14: Data/WHS_WHO/WHS_analysis.R (and Data/WHS_WHO/WHS_preliminary_analysis.R). The former generates WHS_utilization.csv | G14: Note - 69 countries have WHS, but 13 high-income (European) don't have section 7. In addition Turkiye should have that data but it is not in the dataset (and the report contains empty tables and blank pages!)
A15: 13 | B15: i_scenario_ContImp_plusDx_CommunityScreening | C15: ContImp + community-based screening | D15: Community-based screening. To check - is this one-off? | E15: PROLIFICA study got 69% coverage - so assume 60%
A16: 14 | B16: i_scenario_ContImp_plusDx_CommunityScreening_perfect | C16: ContImp + perfect community-based screening | D16: Perfect (100%) community-based screening as a one-off. To check - are we definitely running this scenario?
A17: 15 | B17: i_scenario_ContImp_plusDx_IntegratedServices | C17: ContImp + Integrated services | D17: TBD - HIV (or triple elimination)? Look at NCD or HIV indicators | G17: Bulstra PLoS Med 2021, Integrating HIV services and other health services: A systematic review and meta- Analysis. Triple elimination: https://www.clintonhealthaccess.org/wp-content/uploads/2026/03/CHAI-Integrated-Screening-Market-Memo-March-2026.pdf Look at NCD and HIV service coverage indicators
A18: 16 | B18: i_scenario_ContImp_plusTx_PoCeligibility | C18: CompInt + PoC Tx eligibility | D18: Improved linkage through PoC treatment eligibility test | E18: B-simple?
A19: 17 | B19: i_scenario_ContImp_plusTx_treatall | C19: ContImp + treat-all | D19: Same-day test and treat with immediate initiation regardless of clinical status
A20: 18 | B20: i_scenario_ContImp_plusTx_LA | C20: ContImp + long-acting Tx | D20: Placeholder assumption of retention/adherence of 95%. | E20: No current data (e.g. LA-ART HIV not currently rolled out)
A21: 19 | B21: i_scenario_ContImp_plusDecentralisedDxTx | C21: ContImp + decentralisation | D21: Decentralisation of diagnosis and treatment services, allowing higher coverage of diagnosis and treatment outside of urban centres | E21: Both diagnosis and treatment coverage scale like (rural+urban)/(urban). There is also a potential increase in adherence from decentralisation - look into ART adherence clubs
A22: 20 | B22: i_scenario_ContImp_plusTx_cure_Bepi | C22: ContImp + Bepi-type cure | D22: Functional cure for Hepatitis B introduced, with Bepi-levels of effectiveness | E22: TBC - Bepi levels cure (20% sAG+) or stakeholder mentimeter (40% coverage).
A23: 21 | B23: i_scenario_ContImp_plusTx_cure_improved | C23: ContImp + hypothetical cure | D23: Functional cure for Hepatitis B introduced at higher (40%) effectiveness | E23: 40% effectiveness by 2030, Everyone sAG+ eligible.

Sheet CountryParameters
A1: ISO | B1: Country | C1: WHO_region | D1: ContImp_BD_annual_increase | E1: HasBDorGAVIeligible | F1: ContImp_HepB3_annual_increase | G1: ContImp_PAP_final_coverage | H1: ContImp_Dx_annual_increase | I1: ContImp_TxifDx_annual_increase | J1: PAP_HVL_targeted_coverage | K1: PAP_PoC_coverage | L1: BirthCohortTest_year_first_BD | M1: BirthCohortCoverage | N1: Decentralisation_prop_rural | O1: Dx_coverage_with_infacilitytesting
A2: AFG | B2: Afghanistan | C2: Eastern Mediterranean | D2: 0 | E2: 1 | F2: 0 | G2: 0.05 | H2: =VLOOKUP(C2,WHO_region_parameters!$A$2:$C$7,2,FALSE) -> 0.004 | I2: =VLOOKUP(C2,WHO_region_parameters!$A$2:$C$7,3,FALSE) -> 0.0125 | J2: 0.3 | K2: 0.6 | L2: 2007 | M2: 0.5 | N2: 0.16919 | O2: =VLOOKUP(C2,WHO_region_parameters!$A$2:$D$7,4,FALSE)*Dx_infacilitytesting_acceptability -> 0.34718291
A3: AGO | B3: Angola | C3: Africa | D3: 0 | E3: 0 | F3: 0 | G3: 0.05 | H3: =VLOOKUP(C3,WHO_region_parameters!$A$2:$C$7,2,FALSE) -> 0.004 | I3: =VLOOKUP(C3,WHO_region_parameters!$A$2:$C$7,3,FALSE) -> 0 | J3: 0.3 | K3: 0.6 | L3: 2007 | M3: 0.5 | N3: 0.24034 | O3: =VLOOKUP(C3,WHO_region_parameters!$A$2:$D$7,4,FALSE)*Dx_infacilitytesting_acceptability -> 0.26594516
A4: ALB | B4: Albania | C4: Europe | D4: 0 | E4: 1 | F4: 0 | G4: 0.05 | H4: =VLOOKUP(C4,WHO_region_parameters!$A$2:$C$7,2,FALSE) -> 0.015 | I4: =VLOOKUP(C4,WHO_region_parameters!$A$2:$C$7,3,FALSE) -> 0.0127 | J4: 0.3 | K4: 0.6 | L4: 1994 | M4: 0.5 | N4: 0.30967 | O4: =VLOOKUP(C4,WHO_region_parameters!$A$2:$D$7,4,FALSE)*Dx_infacilitytesting_acceptability -> 0.42042078
A5: ARM | B5: Armenia | C5: Europe | D5: 0 | E5: 1 | F5: 0 | G5: 0.05 | H5: =VLOOKUP(C5,WHO_region_parameters!$A$2:$C$7,2,FALSE) -> 0.015 | I5: =VLOOKUP(C5,WHO_region_parameters!$A$2:$C$7,3,FALSE) -> 0.0127 | J5: 0.3 | K5: 0.6 | L5: 2000 | M5: 0.5 | N5: 0.22592 | O5: =VLOOKUP(C5,WHO_region_parameters!$A$2:$D$7,4,FALSE)*Dx_infacilitytesting_acceptability -> 0.42042078
A6: AZE | B6: Azerbaijan | C6: Europe | D6: 0 | E6: 1 | F6: 0 | G6: 0.05 | H6: =VLOOKUP(C6,WHO_region_parameters!$A$2:$C$7,2,FALSE) -> 0.015 | I6: =VLOOKUP(C6,WHO_region_parameters!$A$2:$C$7,3,FALSE) -> 0.0127 | J6: 0.3 | K6: 0.6 | L6: 2002 | M6: 0.5 | N6: 0.20919 | O6: =VLOOKUP(C6,WHO_region_parameters!$A$2:$D$7,4,FALSE)*Dx_infacilitytesting_acceptability -> 0.42042078
A7: BDI | B7: Burundi | C7: Africa | D7: 0 | E7: 1 | F7: 0 | G7: 0.05 | H7: =VLOOKUP(C7,WHO_region_parameters!$A$2:$C$7,2,FALSE) -> 0.004 | I7: =VLOOKUP(C7,WHO_region_parameters!$A$2:$C$7,3,FALSE) -> 0 | J7: 0.3 | K7: 0.6 | L7: 2004 | M7: 0.5 | N7: 0.10799 | O7: =VLOOKUP(C7,WHO_region_parameters!$A$2:$D$7,4,FALSE)*Dx_infacilitytesting_acceptability -> 0.26594516
A8: BEN | B8: Benin | C8: Africa | D8: 0 | E8: 1 | F8: 0 | G8: 0.05 | H8: =VLOOKUP(C8,WHO_region_parameters!$A$2:$C$7,2,FALSE) -> 0.004 | I8: =VLOOKUP(C8,WHO_region_parameters!$A$2:$C$7,3,FALSE) -> 0 | J8: 0.3 | K8: 0.6 | L8: 2002 | M8: 0.5 | N8: 0.2586 | O8: =VLOOKUP(C8,WHO_region_parameters!$A$2:$D$7,4,FALSE)*Dx_infacilitytesting_acceptability -> 0.26594516
A9: BFA | B9: Burkina Faso | C9: Africa | D9: 0 | E9: 1 | F9: 0 | G9: 0.05 | H9: =VLOOKUP(C9,WHO_region_parameters!$A$2:$C$7,2,FALSE) -> 0.004 | I9: =VLOOKUP(C9,WHO_region_parameters!$A$2:$C$7,3,FALSE) -> 0 | J9: 0.3 | K9: 0.6 | L9: 2006 | M9: 0.5 | N9: 0.48348 | O9: =VLOOKUP(C9,WHO_region_parameters!$A$2:$D$7,4,FALSE)*Dx_infacilitytesting_acceptability -> 0.26594516
A10: BGD | B10: Bangladesh | C10: South-East Asia | D10: 0 | E10: 1 | F10: 0 | G10: 0.05 | H10: =VLOOKUP(C10,WHO_region_parameters!$A$2:$C$7,2,FALSE) -> 0.01 | I10: =VLOOKUP(C10,WHO_region_parameters!$A$2:$C$7,3,FALSE) -> 0 | J10: 0.3 | K10: 0.6 | L10: 2003 | M10: 0.5 | N10: 0.01988 | O10: =VLOOKUP(C10,WHO_region_parameters!$A$2:$D$7,4,FALSE)*Dx_infacilitytesting_acceptability -> 0.35465694
A11: BIH | B11: Bosnia and Herzegovina | C11: Europe | D11: 0 | E11: 1 | F11: 0 | G11: 0.43 | H11: =VLOOKUP(C11,WHO_region_parameters!$A$2:$C$7,2,FALSE) -> 0.015 | I11: =VLOOKUP(C11,WHO_region_parameters!$A$2:$C$7,3,FALSE) -> 0.0127 | J11: 0.3 | K11: 0.6 | L11: 1999 | M11: 0.5 | N11: 0.48316 | O11: =VLOOKUP(C11,WHO_region_parameters!$A$2:$D$7,4,FALSE)*Dx_infacilitytesting_acceptability -> 0.42042078
A12: BLR | B12: Belarus | C12: Europe | D12: 0 | E12: 1 | F12: 0 | G12: 0.99 | H12: =VLOOKUP(C12,WHO_region_parameters!$A$2:$C$7,2,FALSE) -> 0.015 | I12: =VLOOKUP(C12,WHO_region_parameters!$A$2:$C$7,3,FALSE) -> 0.0127 | J12: 0.3 | K12: 0.6 | L12: 2000 | M12: 0.5 | N12: 0.24876 | O12: =VLOOKUP(C12,WHO_region_parameters!$A$2:$D$7,4,FALSE)*Dx_infacilitytesting_acceptability -> 0.42042078
A13: BLZ | B13: Belize | C13: Americas | D13: 0 | E13: 1 | F13: 0 | G13: 0.05 | H13: =VLOOKUP(C13,WHO_region_parameters!$A$2:$C$7,2,FALSE) -> 0.007 | I13: =VLOOKUP(C13,WHO_region_parameters!$A$2:$C$7,3,FALSE) -> 0.0031 | J13: 0.3 | K13: 0.6 | L13: 2000 | M13: 0.5 | N13: 0.41054 | O13: =VLOOKUP(C13,WHO_region_parameters!$A$2:$D$7,4,FALSE)*Dx_infacilitytesting_acceptability -> 0.42696273
... A111: ZWE | B111: Zimbabwe | C111: Africa | D111: 0 | E111: 1 | F111: 0 | G111: 0.05 | H111: =VLOOKUP(C111,WHO_region_parameters!$A$2:$C$7,2,FALSE) -> 0.004 | I111: =VLOOKUP(C111,WHO_region_parameters!$A$2:$C$7,3,FALSE) -> 0 | J111: 0.3 | K111: 0.6 | L111: 1995 | M111: 0.5 | N111: 0.65342 | O111: =VLOOKUP(C111,WHO_region_parameters!$A$2:$D$7,4,FALSE)*Dx_infacilitytesting_acceptability -> 0.26594516

Sheet GlobalParams
A1: Parameter | B1: Value | C1: Description | D1: Notes | E1: Extras
A2: BD_in_facility_acceptance_contimp | B2: 0.92 | C2: Proportion of in-facility births where the mother will accept BD | D2: Value is median of BD/in-facility births across countries with BD | E2: Find the script/line that does this.
A3: BD_oof_coverage | B3: 0.6 | C3: Proportion of OOFs which can get BD through some mechanism (e.g. MAP, CHWs) | D3: Assumption
A4: HepB3_WHO_target_coverage | B4: 0.9 | C4: The target for HepB3 coverage under scenarios increasing Hep B3 - we take this to be the WHO target (as HepB3 coverage is already high) | D4: https://iris.who.int/server/api/core/bitstreams/6b18ac34-f56a-466e-9660-b5653cb52ef0/content (Accessed 29 July 2026) - see WHO_globalstrategies_elim_HIV_HBV_HCV_2022_2030.pdf
A5: Start_ContImp+HepB3 | B5: 2026 | C5: The start of the HepB3 intervention. | D5: Assumption: increasing HepB3 to WHO target takes 3 years, and can start now
A6: End_ContImp+HepB3 | B6: 2029 | C6: The time at which the HepB3 intervention reaches the target value. | D6: Assumption
A7: PAP_PoC_sensitivity | B7: 0.9 | C7: The sensitivity of the point-of-care test used for PAP eligibility (i.e. to determine high VL) | D7: Assumption
A8: PAP_PoC_specificity | B8: 0.9 | C8: The sensitivity of the PoC PAP test | D8: Assumption
A9: Dx_birthcohort_coverage | B9: 0.5 | C9: Coverage of testing (accepts test and collects results) among those in the birth cohort when birth cohort testing used | D9: TBC
A10: Dx_T_birthcohort_start | B10: 2028 | C10: Start of birth cohort testing (when used) | D10: TBC
A11: Dx_T_birthcohort_end | B11: 2031 | C11: End of birth cohort testing (when used) | D11: TBC
A12: Dx_T_community_screening_start | B12: 2028 | C12: Start of community screening testing (when used)
A13: Dx_T_community_screening_end | B13: 2032 | C13: End of community screening testing (when used) | D13: Probably should be longer than birth cohort testing
A14: DX_community_screening_coverage | B14: 0.6 | C14: Coverage of community screening (when used) | D14: PROLIFICA was 69%
A15: Dx_community_screening_min_age | B15: 30 | D15: All ages >30 assumption
A16: Dx_community_screening_max_age | B16: 100 | D16: All ages >30
A17: BirthCohort_extrayears | B17: 5 | D17: Birth cohort includes those born within 5 years of introduction of HepB3 (to account for scale-up). E.g. if HepB3 introduced in 1995, birth cohort would include anyone born before 2000
A18: Dx_infacilitytesting_acceptability | B18: 0.5 | D18: Two reviews for high-income settings found a wide range of acceptability in EDs (Simmons HIV Med 2022 - 16-91%; Metcalfe HIV Med 2026 20-75%) so take rough mid-point
A19: RRtrans_effective_TDFtreatment | B19: 0 | D19: Relative risk of transmission from someone on effective (current) TDF treatment (compared to not on treatment)
A20: RRtrans_nonadherent_TDFtreatment | B20: 0.8 | D20: Relative risk of transmission from someone on (current) TDF treatment but not adherent (compared to not on treatment)
A21: RRtrans_effective_LAtreatment | B21: 0.05 | D21: Relative risk of transmission from someone on effective LA treatment (compared to not on treatment)
A22: RRtrans_nonadherent_LAtreatment | B22: 0.8 | D22: Relative risk of transmission from someone on LA treatment but not adherent (compared to not on treatment)
A23: RRprogress_effective_TDFtreatment_nonCC | B23: 0 | D23: Relative rate of progression from one stage to the next when on effective tenofovir treatment (excluding developing CC/death)
A24: RRprogress_effective_TDFtreatment_CC | B24: 0.01 | D24: Relative rate of progression from stage to CC or death when on effective tenofovir treatment
A25: RRprogress_nonadherent_TDFtreatment_nonCC | B25: 0.5 | D25: Relative rate of progression from one stage to the next when on tenofovir treatment but not adherent (excluding developing CC/death)
A26: RRprogress_nonadherent_TDFtreatment_CC | B26: 0.5 | D26: Relative rate of progression from stage to CC or death when on tenofovir treatment but not adherent
... A32: prop_nonadhere_current | B32: 0.2 | D32: Proportion of people who, when diagnosed and eligible, start non-adherent treatment - the proportion who go out of care is then 1-(prop_adhere_current+prop_nonadhere_current)

Sheet WHO_region_parameters
A1: WHO_region | B1: Cont_Imp_Dx_annual_increase | C1: Cont_Imp_TxifDx_annual_increase | D1: Prop_access_healthservices
A2: Africa | B2: 0.004 | C2: 0 | D2: 0.53189033
A3: Americas | B3: 0.007 | C3: 0.0031 | D3: 0.85392547
A4: Eastern Mediterranean | B4: 0.004 | C4: 0.0125 | D4: 0.69436582
A5: Europe | B5: 0.015 | C5: 0.0127 | D5: 0.84084157
A6: South-East Asia | B6: 0.01 | C6: 0 | D6: 0.70931388
A7: Western Pacific | B7: 0.016 | C7: 0.0038 | D7: 0.56037511

Sheet Notes
A1: CountryParameters HasBDorGAVIeligible from https://www.globalhep.org/sites/default/files/content/document/Gavi HepB programme for CGHE.pdf (Accessed 29/7/2026)
A4: Integrated service delivery models - look at Stockdale review L GastroHep 2025, see which of the reviewed articles seems closest.
A5: Across countries I can look at whether HIV or non-communicable diseases has a bigger coverage, and use that?
A6: PoC eligibility - B-simple. Check if Shevanthi can get the B-simple study protocol with power calculations for effect size
A9: Opt-out testing: https://pubmed.ncbi.nlm.nih.gov/35702813/ is UK based for EDs (+similar) finding uptake 16-91%.
